<beans xmlns="http://www.springframework.org/schema/beans"
xmlns:xsi="http://www.w3.org/2001/XMLSchema-instance"
xmlns:context="http://www.springframework.org/schema/context"
xmlns:tx="http://www.springframework.org/schema/tx"
xsi:schemaLocation="http://www.springframework.org/schema/beans
http://www.springframework.org/schema/beans/spring-beans-3.0.xsd
http://www.springframework.org/schema/context
http://www.springframework.org/schema/context/spring-context-3.0.xsd
http://www.springframework.org/schema/tx
http://www.springframework.org/schema/tx/spring-tx-3.0.xsd">

	<bean id="jdbcTest" class="springdaopack.JdbcTest" autowire="byName"/>
	
		<!-- <property name="dataSource">
			<ref bean="dataSource"/>
		</property> 
	</bean -->
	
	<context:property-placeholder location="dbconfig.properties"/>
	
	<bean id="dataSource" class="org.apache.commons.dbcp.BasicDataSource">
		<property name="username" value="${username}"/>
		<property name="password" value="${password}"/>
		<property name="url" value="${url}"/>
		<property name="driverClassName" value="${driver}"/>
	</bean>

</beans>




